web-scraper-order,web-scraper-start-url,empresas,empresas-href,name,description,site,site-href,logo-src
"1534191749-156","https://www.lovemondays.com.br/pesquisa/empresa/pagina/1?external_job_city_id=&external_job_city_name=&q=e","4.1






EDP Energias Do Brasil

168 avaliações

337 salários","https://www.lovemondays.com.br/trabalhar-na-edp-energias-do-brasil","EDP Energias Do Brasil","Descrição:A EDP é uma empresa no setor elétrico e a terceira maior geradora de energia eólica no mundo. No Brasil, controla empresas de geração, transmissão e comercialização de energia elétrica para nove Estados das regiões Sudeste, Centro-Oeste, Nordeste, Sul e Norte. Fundada em 2000, a empresa gera 1.727 megawatts/ano no país. Em distribuição, o grupo controla a EDP Bandeirante, em São Paulo, e a EDP Escelsa, no Espírito Santo, que juntas atendem 7,8 milhões de pessoas.","http://www.edp.com.br/","http://www.edp.com.br/","https://thumb.lovemondays.com.br/MuaVtU8wpDB_Ir6cCA6nWs0ECqQ=/68x68/https://media.lovemondays.com.br/logos/5373c7/edp-energias-do-brasil-original.png"
"1534191734-152","https://www.lovemondays.com.br/pesquisa/empresa/pagina/1?external_job_city_id=&external_job_city_name=&q=e","4.2






Eurofarma

256 avaliações

553 salários","https://www.lovemondays.com.br/trabalhar-na-eurofarma","Eurofarma","Descrição:Fundada em 1972, a Eurofarma está entre as principais empresas farmacêuticas do país, com produção anual de 192 milhões de unidades (caixas), alcançando o quatro lugar na lista de maiores indústrias de genéricos do Brasil. A empresa possui oito complexos industriais nos Estados de São Paulo e Rio de Janeiro, além de fábricas na Guatemala, Colômbia e Peru.","http://www.eurofarma.com.br/","http://www.eurofarma.com.br/","https://thumb.lovemondays.com.br/UughMROQpGfGeA69hIHku72ilLI=/68x68/https://media.lovemondays.com.br/logos/f7de84/eurofarma-original.jpg"
"1534191618-130","https://www.lovemondays.com.br/pesquisa/empresa/pagina/3?external_job_city_id=&external_job_city_name=&q=e","3.5






MRV Engenharia

630 avaliações

1334 salários","https://www.lovemondays.com.br/trabalhar-na-mrv-engenharia","MRV Engenharia","Descrição:Desde 1979 no mercado imobiliário, a MRV Engenharia é a maior construtora e incorporadora do país, além de ser a única que oferece casas e apartamentos em 120 cidades do Brasil. A ampla experiência permite o planejamento do processo construtivo, a antecipação de tendências e a melhor relação custo/benefício do mercado. A MRV Engenharia possui apartamentos à venda para brasileiros espalhados por todo o mundo e, diariamente, mais de 135 imóveis são vendidos. Pelas facilidades de compra, linhas diferenciadas de produtos, pagamentos flexíveis, inovações e localização privilegiada de seus empreendimentos, milhares de famílias já realizaram o sonho da casa própria.","http://www.mrv.com.br/","http://www.mrv.com.br/","https://thumb.lovemondays.com.br/7abtInA5SkCCk32PnbnXP6LOFNU=/68x68/https://media.lovemondays.com.br/logos/d363f1/mrv-engenharia-original.png"
"1534191708-148","https://www.lovemondays.com.br/pesquisa/empresa/pagina/1?external_job_city_id=&external_job_city_name=&q=e","3.4






EMS

236 avaliações

628 salários","https://www.lovemondays.com.br/trabalhar-na-ems","EMS","Descrição:A EMS trabalha no setor farmacêutico há 50 anos e é a líder no mercado nos últimos seis anos. Possui duas fábricas, em São Bernardo do Campo e Hortolândia, ambas no estado de São Paulo. A empresa já iniciou a construção de outra fábrica, em Manaus (AM), e tem planos de outras duas unidades: uma no Distrito Federal e em Jaguariúna (SP). A EMS produz 480 milhões de unidades de medicamentos anualmente e essa capacidade tende a se expandir com a construção das novas unidades produtoras. São cinco mil colaboradores no quadro de funcionários da marca.","http://www.ems.com.br/","http://www.ems.com.br/","https://thumb.lovemondays.com.br/FU-vxtvQ83Z_9yq7ZT0OikuCt84=/68x68/https://media.lovemondays.com.br/logos/2d1da6/ems-original.png"
"1534191683-144","https://www.lovemondays.com.br/pesquisa/empresa/pagina/2?external_job_city_id=&external_job_city_name=&q=e","3.3






Embratel

363 avaliações

565 salários","https://www.lovemondays.com.br/trabalhar-na-embratel","Embratel","Descrição:A Embratel faz parte da América Móvil, um dos maiores grupos de telefonia móvel do mundo, e é a mais completa operadora de telecomunicações brasileira. Oferecemos soluções para todo o mercado nacional nas áreas de Telefonia, Voz, Dados, Internet e TV por assinatura, além de garantir comunicação a qualquer ponto do território brasileiro, por meio de soluções via satélite.Como patrocinadora oficial exclusiva dos Jogos Olímpicos Rio 2016, na categoria Serviços de Telecomunicações, a Embratel dá continuidade ao trabalho que vem desenvolvendo junto ao esporte investindo, também, em alguns dos maiores atletas olímpicos e paralímpicos do País, para que possam superar seus limites e chegar ainda mais longe.","http://portal.embratel.com.br/","http://portal.embratel.com.br/","https://thumb.lovemondays.com.br/hGgQh9e-mxtGVr0BeJ07wjAblJQ=/68x68/https://media.lovemondays.com.br/logos/b1918b/embratel-original.png"
"1534191621-131","https://www.lovemondays.com.br/pesquisa/empresa/pagina/3?external_job_city_id=&external_job_city_name=&q=e","3.3






Kroton Educacional

313 avaliações

779 salários","https://www.lovemondays.com.br/trabalhar-na-kroton-educacional","Kroton Educacional","Descrição:A Kroton é uma das maiores organizações educacionais privadas, com fins lucrativos, do Brasil, com atuação no setor educacional brasileiro há mais de 45 anos, tendo início em 1966. A Companhia tem um modelo de negócio abrangente e diferenciado que atende vários segmentos educacionais desde o maternal até o mestrado. No Ensino Superior, são oferecidos cursos de Graduação e de Pós-graduação nos formatos Presencial e a Distância. Na Educação Básica são fornecidos às Escolas Associadas os sistemas de ensino, que compreendem material didático, serviços de treinamento, avaliação e tecnologia educacional, suportados por um robusto modelo pedagógico eficiente. A Kroton tem uma presença nacional, localizados em 10 Estados do Brasil e em 39 municípios, além de 447 polos ativos de graduação de EaD. São 411 mil alunos no Ensino Superior, nas modalidades de Ensino Presencial e a Distância. Além disso, atende cerca de 289 mil alunos na Educação Básica divididos entre o setor privado, com 810 escolas associadas em todos os estados do Brasil, e o setor público, com atuação em três cidades através do Projecta.","http://www.kroton.com.br/","http://www.kroton.com.br/","https://thumb.lovemondays.com.br/oA3F5VbTHJS64M3jX9o3gUZuCQ8=/68x68/https://thumb.lovemondays.com.br/image/db7838f5a3154893a480accb5b2a9f8a/logos/fe99ba/kroton-educacional.png"
"1534191610-128","https://www.lovemondays.com.br/pesquisa/empresa/pagina/3?external_job_city_id=&external_job_city_name=&q=e","3.9






Rodonaves Transportes e Encomendas - RTE

130 avaliações

225 salários","https://www.lovemondays.com.br/trabalhar-na-rodonaves-transportes-e-encomendas-rte","Rodonaves Transportes e Encomendas - RTE","Descrição:Dos pedais e de uma bicicleta aos veículos que rodam milhares de quilômetros todos os dias nas estradas do Brasil. Foi a partir de um pequeno Box na rodoviária de Ribeirão Preto, de onde fazia entregas com uma bicicleta de carga, que o Sr. João Naves iniciou a história daquela que viria a ser uma das maiores transportadoras do país, presente em sete estados, além do Distrito Federal, atendendo mais de 2.000 cidades. O empreendedorismo de seu fundador, acompanhado de investimentos constantes em sua frota, serviços e na capacitação e desenvolvimento de sua equipe, tornaram a RTE Rodonaves uma empresa com qualidade diferenciada no transporte terrestre de cargas dedicadas e de encomendas fracionadas. Baseada em uma administração moderna e eficiente, a Matriz da RTE Rodonaves é certificada ISO 9001 2008 desde 2002, sendo referência de gestão para as 10 filiais e as mais de 140 unidades de negócio. Tudo isso demonstra o crescimento de uma empresa que se orgulha em ser brasileira e familiar, comprometida em atender clientes de diferentes perfis com segurança e pontualidade em suas entregas. E hoje, a empresa é sinônimo de eficiência, avançando sem fronteiras e acumulando conquistas em mais de três décadas de história. A RTE Rodonaves agradece a todos que contribuem para o seu crescimento contínuo.","http://www.rte.com.br/","http://www.rte.com.br/","https://thumb.lovemondays.com.br/Cp0WNyShpry0PZkt4ktUX1r2f4c=/68x68/https://media.lovemondays.com.br/logos/acdde1/rodonaves-transportes-e-encomendas-rte-original.jpg"
"1534191690-145","https://www.lovemondays.com.br/pesquisa/empresa/pagina/2?external_job_city_id=&external_job_city_name=&q=e","3.2






Everis

252 avaliações

560 salários","https://www.lovemondays.com.br/trabalhar-na-everis","Everis","Descrição:A everis, uma empresa do grupo NTT DATA, é uma multinacional de consultoria que oferece soluções de estratégia e de negócios, desenvolvimento e manutenção de aplicações tecnológicas e serviços de terceirização. A empresa que atua nos setores de telecomunicações, serviços públicos, financeiros, industriais, de energia, e o setor de saúde, atingiu um volume de negócios de 591 milhões de euros no último ano fiscal. Atualmente tem 10.600 profissionais localizados em escritórios e centros de alto desempenho em 13 países.","http://www.everis.com/brazil/pt-BR/home/Paginas/home.aspx","http://www.everis.com/brazil/pt-BR/home/Paginas/home.aspx","https://thumb.lovemondays.com.br/JmJKOfHLlikhR1IucB8nFWlDmi8=/68x68/https://media.lovemondays.com.br/logos/bda87f/everis-original.png"
"1534191614-129","https://www.lovemondays.com.br/pesquisa/empresa/pagina/3?external_job_city_id=&external_job_city_name=&q=e","3.8






Embraco

212 avaliações

383 salários","https://www.lovemondays.com.br/trabalhar-na-embraco","Embraco","Descrição:A Embraco foi criada em março de 1971, em Joinville (SC), por três empresas de refrigeradores: Consul, Prosdócimo e Springler. É uma empresa especializada na produção de compressores para aparelhos de refrigeração. Desde os anos 90, tem participação no mercado externo, com fábricas na Itália, na China, no México e na Eslováquia, além de um escritório comercial nos Estados Unidos, empregando cerca de dez mil funcionários. Produz, anualmente, 30 milhões de compressores.","http://www.embraco.com/","http://www.embraco.com/","https://thumb.lovemondays.com.br/g46Hn21_zbBWdOcoSBWTQftThjw=/68x68/https://media.lovemondays.com.br/logos/4f683e/embraco-original.png"
"1534191741-154","https://www.lovemondays.com.br/pesquisa/empresa/pagina/1?external_job_city_id=&external_job_city_name=&q=e","3.9






Centro de Integração Empresa-Escola (CIEE)

255 avaliações

560 salários","https://www.lovemondays.com.br/trabalhar-na-centro-de-integracao-empresa-escola-ciee","Centro de Integração Empresa-Escola (CIEE)","Descrição:O Centro de Integração Empresa-Escola (CIEE) é uma instituição filantrópica, mantida pelo empresariado nacional, de assistência social, sem finalidades lucrativas, que trabalha em prol da juventude estudantil brasileira. O maior objetivo do CIEE, com 50 anos de existência é encontrar, para os estudantes de nível médio, técnico e superior oportunidades de estágio ou aprendizado, que os auxiliem a colocar em prática tudo o que aprenderam na teoria.","http://www.ciee.org.br/","http://www.ciee.org.br/","https://thumb.lovemondays.com.br/JiqiC88Ej9iW_sIQXR-9Lt1mFHU=/68x68/https://media.lovemondays.com.br/logos/f87c03/centro-de-integracao-empresa-escola-ciee-1-original.png"
"1534191625-132","https://www.lovemondays.com.br/pesquisa/empresa/pagina/3?external_job_city_id=&external_job_city_name=&q=e","3.7






Serasa Experian

379 avaliações

752 salários","https://www.lovemondays.com.br/trabalhar-na-serasa-experian","Serasa Experian","Descrição:A Serasa Experian, parte do grupo Experian, é o maior bureau de crédito do mundo fora dos Estados Unidos, detendo o mais extenso banco de dados da América Latina sobre consumidores, empresas e grupos econômicos. Há mais de 40 anos presente no mercado brasileiro, a Serasa Experian participa da maioria das decisões de crédito e negócios tomadas no País, respondendo on-line/real-time a 6 milhões de consultas por dia, demandadas por 500 mil clientes diretos e indiretos. A Serasa Experian diferencia-se por oferecer soluções integradas que abrangem todas as etapas do ciclo de negócios: Prospecção de Mercado, Gestão de Clientes, Retenção e Rentabilização, Aquisição e Concessão de Crédito, Gestão do Portfólio de Crédito, Gestão de Cobrança e Fraude e Validação. O uso coordenado de informações consistentes e abrangentes de marketing e crédito, scorings e ratings avançados, sistemas de decisão de alta performance e softwares de gestão completos permite um resultado ainda melhor para os negócios, possibilitando a tomada de decisões mais rápidas, com menor risco e maior rentabilidade.","http://www.serasaexperian.com.br/","http://www.serasaexperian.com.br/","https://thumb.lovemondays.com.br/_6dMZwdqqL14DlazGhDZGI8kMAw=/68x68/https://thumb.lovemondays.com.br/image/b447abfee5134c87a96227cf6b10ea26/logos/83733c/serasa-experian.png"
"1534191645-137","https://www.lovemondays.com.br/pesquisa/empresa/pagina/3?external_job_city_id=&external_job_city_name=&q=e","3.7






CPFL Energia

279 avaliações

611 salários","https://www.lovemondays.com.br/trabalhar-na-cpfl-energia","CPFL Energia","Descrição:Após 100 anos de história, a CPFL Energia se tornou uma empresa de energia completa, com negócios em distribuição, geração, comercialização de energia elétrica e serviços. Hoje, somos considerados uma das maiores empresas do setor elétrico brasileiro. Levamos energia a quase 20 milhões de consumidores e conseguimos, ao longo dos anos, liderar o segmento de energias renováveis no Brasil com uma matriz diversificada: de grandes e pequenas centrais hidrelétricas a parques eólicos, usinas de biomassa, térmicas a óleo combustível e, mais recentemente, a primeira usina solar do Estado de São Paulo.","http://www.cpfl.com.br/","http://www.cpfl.com.br/","https://thumb.lovemondays.com.br/7Y-iOdFtB1iqxzvbv25WkjDYX7E=/68x68/https://media.lovemondays.com.br/logos/0f842e/cpfl-energia-original.png"
"1534191714-149","https://www.lovemondays.com.br/pesquisa/empresa/pagina/1?external_job_city_id=&external_job_city_name=&q=e","4.0






Embraer

640 avaliações

1534 salários","https://www.lovemondays.com.br/trabalhar-na-embraer","Embraer","Descrição:Embraer ou Empresa Brasileira de Aeronáutica S.A. é um conglomerado brasileiro fabricante de aviões comerciais, executivos, agrícolas e militares. Com mais de 40 anos de existência, a empresa atua em todas as etapas de um processo complexo: projeto, desenvolvimento, fabricação, venda e suporte pós-venda de aeronaves para os segmentos de aviação comercial, aviação executiva, além de oferecer soluções integradas para defesa e segurança. Já foram produzidos pela Embraer mais de 5 mil aviões, que operam em 80 países, nos cinco continentes, tornando-a líder no mercado de jatos comerciais com até 120 assentos, além da fabricação de alguns dos melhores jatos executivos em operação e da entrada em um novo patamar no setor de defesa.","http://www.embraer.com.br","http://www.embraer.com.br/","https://thumb.lovemondays.com.br/Lww5haZsdEhJp_VogRUgvmj14yg=/68x68/https://media.lovemondays.com.br/logos/fac69e/embraer-original.png"
"1534191737-153","https://www.lovemondays.com.br/pesquisa/empresa/pagina/1?external_job_city_id=&external_job_city_name=&q=e","3.3






Estapar Estacionamentos

108 avaliações

332 salários","https://www.lovemondays.com.br/trabalhar-na-estapar-estacionamentos","Estapar Estacionamentos","Descrição:Sendo uma empresa de vanguarda desde a sua fundação em 1981, a Estapar trouxe em primeira mão para o Brasil, serviços com diferenciais tecnológicos pioneiros para o setor como equipamentos automatizados para a operação de estacionamentos. Firmou seu diferencial competitivo ao estabelecer um contrato de exclusividade com a maior empresa de seguro de automóveis do País, a Porto Seguro.","http://www.estapar.com.br/","http://www.estapar.com.br/","https://thumb.lovemondays.com.br/tctCVoQXyQgkcVYS8SzHWFSWWhI=/68x68/https://media.lovemondays.com.br/logos/056dc3/estapar-estacionamentos-original.png"
"1534191725-150","https://www.lovemondays.com.br/pesquisa/empresa/pagina/1?external_job_city_id=&external_job_city_name=&q=e","3.9






Enel

224 avaliações

511 salários","https://www.lovemondays.com.br/trabalhar-na-enel-geracao","Enel","Descrição:Somos a maior empresa privada do setor elétrico brasileiro, com presença em mais de 30 países. Desempenhamos um papel de liderança no desenvolvimento das fontes renováveis de energia, e somos líderes na produção de energia solar no Brasil. Atuamos nas áreas de geração, distribuição, conversão, transmissão, comercialização e de soluções em energia, somando mais de 17 milhões de clientes no Brasil e 71 milhões em todo o mundo!","http://www.enel.com","http://www.enel.com/","https://thumb.lovemondays.com.br/GSB__lC1U3MlxXIbQMr8Zc1VOcM=/370x370/https://thumb.lovemondays.com.br/image/4f1424db10b644cb843d3ce30765e378/empregados/469e04/vinicius-reis.jpg"
"1534191652-138","https://www.lovemondays.com.br/pesquisa/empresa/pagina/2?external_job_city_id=&external_job_city_name=&q=e","3.1






Grupo Máquina de Vendas (Insinuante, Ricardo Eletro, CityLar, Eletroshopping, Salfer)

299 avaliações

703 salários","https://www.lovemondays.com.br/trabalhar-na-grupo-maquina-de-vendas-insinuante-ricardo-eletro-citylar-eletroshopping-salfer","Grupo Máquina de Vendas (Insinuante, Ricardo Eletro, CityLar, Eletroshopping, Salfer)","Descrição:A Máquina de Vendas é uma das maiores empresas do varejo brasileiro, sendo uma das líderes no segmento de eletroeletrônicos e eletrodomésticos. O grupo surgiu em março de 2010, como resultado da fusão das empresas Insinuante e Ricardo Eletro. Desde então, a Máquina de Vendas cresceu com a aquisição de participações societárias nas redes City Lar (em junho de 2010), Eletro Shopping (em junho de 2011) e Salfer (em abril de 2012). Esses movimentos possibilitaram que a Máquina de Vendas se tornasse a rede varejista com maior cobertura territorial no país.","http://www.maquinadevendas.com.br/","http://www.maquinadevendas.com.br/","https://thumb.lovemondays.com.br/Vb9I3jMOxSp_3JLYxkrj7dHbO_Y=/68x68/https://media.lovemondays.com.br/logos/b973cb/grupo-maquina-de-vendas-insinuante-ricardo-eletro-citylar-eletroshopping-salfer-original.png"
"1534191633-134","https://www.lovemondays.com.br/pesquisa/empresa/pagina/3?external_job_city_id=&external_job_city_name=&q=e","3.6






LG Eletronics

305 avaliações

568 salários","https://www.lovemondays.com.br/trabalhar-na-lg","LG Eletronics","Descrição:Fundado em 1947, na Coreia do Sul, o Grupo LG é uma empresa que atua em diversos segmentos industriais, como energia, maquinaria, metais, finanças, química e serviços. Possui 27 centros de pesquisa e desenvolvimento espalhados pelo mundo, incluindo dois complexos industriais no Brasil, em Manaus (AM) e Taubaté (SP), além de um escritório comercial em São Paulo (SP), empregando aproximadamente cinco mil funcionários no país. A principal empresa do grupo é a LG Eletronics, que produz eletroeletrônicos e eletrônicos portáteis, como televisores, celulares, refrigeradores, entre outros.","http://www.lge.com/br","http://www.lge.com/br","https://thumb.lovemondays.com.br/GZBdEo25e8l5naCrH6prYBYMj70=/68x68/https://media.lovemondays.com.br/logos/86e854/lg-original.jpg"
"1534191641-136","https://www.lovemondays.com.br/pesquisa/empresa/pagina/3?external_job_city_id=&external_job_city_name=&q=e","4.0






Exército Brasileiro

765 avaliações

2631 salários","https://www.lovemondays.com.br/trabalhar-na-exercito-brasileiro","Exército Brasileiro","Descrição:A missão e visão de futuro do Exército Brasileiro é de contribuir para a garantia da soberania nacional, dos poderes constitucionais, da lei e da ordem, salvaguardando os interesses nacionais e cooperando com o desenvolvimento nacional e o bem-estar social. Para isso, preparar a Força Terrestre, mantendo-a em permanente estado de prontidão. O Ministério da Defesa (MD) é o órgão do Governo Federal incumbido de exercer a direção superior das Forças Armadas, constituídas pela Marinha, pelo Exército e pela Aeronáutica. Uma de suas principais tarefas é o estabelecimento de políticas ligadas à Defesa e à Segurança do País, caso da Política de Defesa Nacional (PDN), atualizada em julho de 2005. Criado em 10 de junho de 1999, o MD é o principal articulador de ações que envolvam mais de uma Força Singular.","http://www.eb.mil.br/","http://www.eb.mil.br/","https://thumb.lovemondays.com.br/MzehTMYGi5k5XTiM7CG3a3YHl8k=/68x68/https://media.lovemondays.com.br/logos/63e949/exercito-brasileiro-original.jpg"
"1534191637-135","https://www.lovemondays.com.br/pesquisa/empresa/pagina/3?external_job_city_id=&external_job_city_name=&q=e","3.9






Schneider Electric

334 avaliações

616 salários","https://www.lovemondays.com.br/trabalhar-na-schneider-electric","Schneider Electric","Descrição:No Schneider Electric ajudamos as pessoas e as organizações a aproveitar ao máximo a sua energia. Enquanto especialistas globais em gestão energética, a nossa empresa assume o desafio de tentar transformar a forma como as pessoas e as organizações utilizam a energia. Somos o elemento essencial entre a produção de energia e a utilização de energia. Fazemos com que a eletricidade fique disponível para as pessoas e organizações. A tornamos confiável e segura graças à nossa ampla gama de distribuição elétrica e soluções de resfriamento e potência essenciais. Disponibilizamos soluções de eficiência energética para ajudar os nossos clientes a atingir uma maior produtividade, com menos recursos.","http://www.schneider-electric.com.br/","http://www.schneider-electric.com.br/","https://thumb.lovemondays.com.br/6zg4JQFDKiTx7Ajnni-LcIc81mE=/68x68/https://thumb.lovemondays.com.br/image/cde071b010fa4a1aa05d4d5310021325/logos/02d2af/schneider-electric.png"
"1534191655-139","https://www.lovemondays.com.br/pesquisa/empresa/pagina/2?external_job_city_id=&external_job_city_name=&q=e","4.2






Eletrobras

215 avaliações

368 salários","https://www.lovemondays.com.br/trabalhar-na-eletrobras","Eletrobras","Descrição:Fundada em junho de 1962 para coordenar todas as empresas do setor elétrico, a Eletrobras é holding de um sistema de empresas composto por 12 subsidiárias. A empresa é responsável por 37% da capacidade de geração energética do país, com 166 usinas (36 hidrelétricas, duas termonucleares e 128 térmicas). Possui também 58 mil km de linhas de transmissão, representando 57% do total nacional. Desde 2008, quando foi autorizada a atuar no exterior, a Eletrobras visa atingir outros países da América do Sul.","http://www.eletrobras.com/","http://www.eletrobras.com/","https://thumb.lovemondays.com.br/WK89Zi2TybwGvA1wB8rnJIZLDbQ=/68x68/https://media.lovemondays.com.br/logos/a2feeb/eletrobras-original.png"
"1534191694-146","https://www.lovemondays.com.br/pesquisa/empresa/pagina/2?external_job_city_id=&external_job_city_name=&q=e","3.8






Energisa

301 avaliações

651 salários","https://www.lovemondays.com.br/trabalhar-na-energisa","Energisa","Descrição:Somos um dos principais grupos privados do setor elétrico do Brasil e nos destacamos pela ousadia planejada, pela busca incessante da excelência e pelo crescimento contínuo e sustentável. Com uma história de 113 anos, temos a distribuição de energia como a base principal do nosso negócio, atuando em mercados com forte potencial de crescimento. Além da Distribuidora, também contamos com a Energisa Comercializadora e a Energisa Soluções.","http://www.energisa.com.br/","http://www.energisa.com.br/","https://thumb.lovemondays.com.br/0whc5snw8h9po_nHeQFANbn-jIw=/68x68/https://thumb.lovemondays.com.br/image/537abee05a6a461fa5d8015b4a282966/logos/d92d6b/energisa.png"
"1534191745-155","https://www.lovemondays.com.br/pesquisa/empresa/pagina/1?external_job_city_id=&external_job_city_name=&q=e","3.9






Instituto Brasileiro de Geografia e Estatística (IBGE)

344 avaliações

712 salários","https://www.lovemondays.com.br/trabalhar-na-ibge","Instituto Brasileiro de Geografia e Estatística (IBGE)","Descrição:O Instituto Brasileiro de Geografia e Estatística - IBGE se constitui no principal provedor de dados e informações do País, que atendem às necessidades dos mais diversos segmentos da sociedade civil, bem como dos órgãos das esferas governamentais federal, estadual e municipal. O IBGE é uma entidade da administração pública federal, vinculada ao Ministério do Planejamento, Orçamento e Gestão, que possui quatro diretorias e dois outros órgãos centrais. Suas principais funções são produção, análise e consolidação de informações estatísticas e geográficas, estruturação e implantação de um sistema de informações ambientais, documentação e disseminação de informações e coordenação dos sistemas estatístico e cartográfico nacionais.","http://www.ibge.gov.br/","http://www.ibge.gov.br/","https://thumb.lovemondays.com.br/O2h3-fkEpOWmqKjaTUSGy77oBII=/68x68/https://media.lovemondays.com.br/logos/5c6830/ibge-original.jpg"
"1534191629-133","https://www.lovemondays.com.br/pesquisa/empresa/pagina/3?external_job_city_id=&external_job_city_name=&q=e","3.7






AES Eletropaulo

245 avaliações

513 salários","https://www.lovemondays.com.br/trabalhar-na-aes-eletropaulo","AES Eletropaulo","Descrição:A AES Eletropaulo é uma concessionária de energia de capital aberto e ações listadas na BM&F Bovespa. Atualmente, é considerada a maior distribuidora de energia elétrica do Brasil em termos de volume distribuído, de acordo com o ranking da Associação Brasileira dos Distribuidores de Energia Elétrica (Abradee), e leva energia elétrica a 20,1 milhões de pessoas na capital e Grande São Paulo e a 6,7 milhões de unidades consumidoras de 24 municípios da Região Metropolitana de São Paulo, incluindo a capital paulista. Responde pelo fornecimento de 34,1% do total de energia elétrica consumida no Estado e 10,5% do total do Brasil. Conta com 6.208 colaboradores próprios e 9.293 terceirizados, 151 subestações, 202 mil transformadores de distribuição, R$ 9,01 bilhões de receita operacional líquida e R$ 1,26 bilhão de capital social.","https://www.aeseletropaulo.com.br","https://www.aeseletropaulo.com.br/","https://thumb.lovemondays.com.br/B27Nnav_kbcWa752vw-tUSAF8N0=/68x68/https://media.lovemondays.com.br/logos/1a1d4d/aes-eletropaulo-original.png"
"1534191700-147","https://www.lovemondays.com.br/pesquisa/empresa/pagina/2?external_job_city_id=&external_job_city_name=&q=e","4.1






Electrolux

317 avaliações

604 salários","https://www.lovemondays.com.br/trabalhar-na-electrolux","Electrolux","Descrição:Líder mundial em eletrodomésticos e aparelhos de uso profissional, a Electrolux está presente em mais de 150 países. Sua trajetória em quase 100 anos de existência se traduz em desenvolvimento, inovação, design moderno e funcionalidade. Entre os produtos da marca, há uma extensa quantidade de modelos de refrigeradores, freezers, lavadoras, micro-ondas e fornos, além de condicionadores de ar e cooktops. A Electrolux realiza constantes pesquisas em busca de novas tendências e tecnologia, para atender às aspirações e desejos de cada um de seus clientes.","http://www.electrolux.com.br/","http://www.electrolux.com.br/","https://thumb.lovemondays.com.br/WpUCNqVJ4EKj3T9eESRNnQAE0QA=/68x68/https://media.lovemondays.com.br/logos/0b99fb/electrolux-original.png"
"1534191660-140","https://www.lovemondays.com.br/pesquisa/empresa/pagina/2?external_job_city_id=&external_job_city_name=&q=e","2.7






Secretaria da Educação do Estado de São Paulo (SEEDUC/SP)

309 avaliações

837 salários","https://www.lovemondays.com.br/trabalhar-na-secretaria-da-educacao-do-estado-de-sao-paulo-seeducsp","Secretaria da Educação do Estado de São Paulo (SEEDUC/SP)","Site
http://www.educacao.sp.gov.br/","http://www.educacao.sp.gov.br/","http://www.educacao.sp.gov.br/","https://thumb.lovemondays.com.br/Ec7QdyOCG1WA7D8Mic1CjmVEPEc=/68x68/https://media.lovemondays.com.br/logos/c90d2c/secretaria-da-educacao-do-estado-de-sao-paulo-seducsp-original.png"
"1534191753-157","https://www.lovemondays.com.br/pesquisa/empresa/pagina/1?external_job_city_id=&external_job_city_name=&q=e","3.3






EY (Ernst & Young)

1320 avaliações

2548 salários","https://www.lovemondays.com.br/trabalhar-na-ey-ernst-and-young","EY (Ernst & Young)","Descrição:A EY é líder global em auditoria, impostos, transações e consultoria. Seus 167,000 colaboradores são unidos pelos mesmos valores, os quais inspiram seus profissionais em todo o mundo e os orientam a fazer a coisa certa. A EY está empenhada em fazer a sua parte na construção de um mundo melhor trabalhando em prol da sociedade, clientes e comunidades. No Brasil, a EY integrou suas operações com a Terco, resultando na EY Terco. O objetivo da operação é conquistar a liderança no setor. Para isso, as empresas uniram suas melhores características: a forte presença da Terco no segmento de middle market e de incorporações imobiliárias e a experiência global da EY no atendimento a grandes contas e clientes multinacionais.","http://www.ey.com.br","http://www.ey.com.br/","https://thumb.lovemondays.com.br/d1hOs_vgoj2-FJVnWkjFU6rETwA=/68x68/https://media.lovemondays.com.br/logos/20e87c/ey-ernst-and-young-original.png"
"1534191664-141","https://www.lovemondays.com.br/pesquisa/empresa/pagina/2?external_job_city_id=&external_job_city_name=&q=e","4.1






Serviço Brasileiro de Apoio às Micro e Pequenas Empresas (SEBRAE)

450 avaliações

920 salários","https://www.lovemondays.com.br/trabalhar-na-sebrae","Serviço Brasileiro de Apoio às Micro e Pequenas Empresas (SEBRAE)","Descrição:O Serviço Brasileiro de Apoio às Micro e Pequenas Empresas (Sebrae) é uma entidade privada sem fins lucrativos. É um agente de capacitação e de promoção do desenvolvimento, criado para dar apoio aos pequenos negócios de todo o país. Desde 1972, trabalha para estimular o empreendedorismo e possibilitar a competitividade e a sustentabilidade dos empreendimentos de micro e pequeno porte. Para garantir o atendimento aos pequenos negócios, o Sebrae atua em todo o território nacional. Onde tem Brasil, tem Sebrae. Além da sede nacional, em Brasília, a instituição conta com pontos de atendimento nas 27 unidades da Federação.","http://www.sebrae.com.br","http://www.sebrae.com.br/","https://thumb.lovemondays.com.br/NLNOKFyqlnTJrXgViKeWfPF69FE=/68x68/https://media.lovemondays.com.br/logos/4f599f/sebrae-original.png"
"1534191667-142","https://www.lovemondays.com.br/pesquisa/empresa/pagina/2?external_job_city_id=&external_job_city_name=&q=e","4.0






Eaton

205 avaliações

397 salários","https://www.lovemondays.com.br/trabalhar-na-eaton","Eaton","Descrição:A Eaton é líder mundial no fornecimento de componentes e sistemas elétricos, hidráulicos, automotivos, aeronáuticos e de filtração, oferecendo marcas, produtos e soluções de comprovada excelência para seus clientes nos mercados sul-americanos. No Brasil, a Eaton oferece soluções hidráulicas, componentes elétricos e sistemas de distribuição de energia, produtos para motores automotivos e para filtração industrial, além de sistemas de transmissão para veículos em geral.","http://www.eaton.com.br/","http://www.eaton.com.br/","https://thumb.lovemondays.com.br/msbrP7PE5zw-qC5HxqAzovhpOAs=/68x68/https://media.lovemondays.com.br/logos/c93f83/eaton-original.png"
"1534191730-151","https://www.lovemondays.com.br/pesquisa/empresa/pagina/1?external_job_city_id=&external_job_city_name=&q=e","3.6






Ericsson

307 avaliações

619 salários","https://www.lovemondays.com.br/trabalhar-na-ericsson","Ericsson","Descrição:A Ericsson é um fornecedor multinacional sueca de tecnologia e serviços de comunicações. A oferta inclui serviços, software e infra-estrutura dentro de Tecnologia da Informação e Comunicação para operadoras de telecomunicações e outras indústrias, incluindo telecomunicações e equipamentos de rede IP, banda larga móvel e fixa, operações e soluções de suporte ao negócio, TV a cabo, IPTV, sistemas de vídeo, e uma extensa serviços operação. A Ericsson é a líder mundial no mercado de infra-estrutura de rede móvel 2G/3G/4G. Fundada em 1876 por Lars Magnus Ericsson, a empresa é hoje sediada em Estocolmo, Suécia. A empresa emprega mais de 110.000 pessoas e trabalham com clientes em mais de 180 países, incluindo os EUA, China, Índia, Brasil, Japão, África do Sul, Austrália, Alemanha, Itália, Reino Unido e Suécia.","http://www.ericsson.com/br","http://www.ericsson.com/br","https://thumb.lovemondays.com.br/JaMcnSq2MWMfIYh51vQN5SEUYRs=/68x68/https://media.lovemondays.com.br/logos/5b3266/ericsson-1-original.png"
"1534191678-143","https://www.lovemondays.com.br/pesquisa/empresa/pagina/2?external_job_city_id=&external_job_city_name=&q=e","3.6






Even Construtora e Incorporadora

135 avaliações

268 salários","https://www.lovemondays.com.br/trabalhar-na-even-construtora-e-incorporadora","Even Construtora e Incorporadora","Descrição:Ao longo dos últimos dez anos, atuamos no segmento de empreendimentos residenciais e comerciais, de maneira concentrada nas regiões metropolitanas dos Estados do Rio de Janeiro, Minas Gerais, São Paulo e Rio Grande do Sul. Nossa capacidade de inovar, acompanhar as demandas do mercado e entregar produtos e serviços de acordo com as expectativas dos clientes colocou a Even entre as maiores incorporadoras e construtoras do Estado de São Paulo e do Brasil.","http://www.even.com.br/","http://www.even.com.br/","https://thumb.lovemondays.com.br/vDXX_L3tor4AWTyi4PIn-afYOrM=/68x68/https://media.lovemondays.com.br/logos/1c4d87/even-construtora-e-incorporadora-original.png"
